{
  "id": "1825782",
  "name": "仿小米官网",
  "font_family": "iconfont",
  "css_prefix_text": "icon-",
  "description": "",
  "glyphs": [
    {
      "icon_id": "499064",
      "name": "圆箭头",
      "font_class": "yuanjiantou",
      "unicode": "e615",
      "unicode_decimal": 58901
    },
    {
      "icon_id": "1562915",
      "name": "更多",
      "font_class": "gengduo",
      "unicode": "e607",
      "unicode_decimal": 58887
    },
    {
      "icon_id": "8577571",
      "name": "播放",
      "font_class": "tubiaozhizuomoban",
      "unicode": "e78e",
      "unicode_decimal": 59278
    },
    {
      "icon_id": "1707332",
      "name": "地点",
      "font_class": "didian",
      "unicode": "e63d",
      "unicode_decimal": 58941
    },
    {
      "icon_id": "2924334",
      "name": "15天",
      "font_class": "tian",
      "unicode": "e601",
      "unicode_decimal": 58881
    },
    {
      "icon_id": "11576524",
      "name": "7天",
      "font_class": "tian1",
      "unicode": "e602",
      "unicode_decimal": 58882
    },
    {
      "icon_id": "13737924",
      "name": "信息",
      "font_class": "xinxi",
      "unicode": "e770",
      "unicode_decimal": 59248
    },
    {
      "icon_id": "14218522",
      "name": "礼盒",
      "font_class": "lihe",
      "unicode": "e603",
      "unicode_decimal": 58883
    },
    {
      "icon_id": "3141397",
      "name": "左箭头",
      "font_class": "arrow-left-copy",
      "unicode": "e600",
      "unicode_decimal": 58880
    },
    {
      "icon_id": "4880556",
      "name": "左箭头",
      "font_class": "left",
      "unicode": "e604",
      "unicode_decimal": 58884
    },
    {
      "icon_id": "3076272",
      "name": "企业",
      "font_class": "company",
      "unicode": "e636",
      "unicode_decimal": 58934
    },
    {
      "icon_id": "167369",
      "name": "F码",
      "font_class": "fma",
      "unicode": "e60f",
      "unicode_decimal": 58895
    },
    {
      "icon_id": "527119",
      "name": "秒杀",
      "font_class": "miaosha",
      "unicode": "e62c",
      "unicode_decimal": 58924
    },
    {
      "icon_id": "10334173",
      "name": "以旧换新",
      "font_class": "yijiuhuanxin",
      "unicode": "e605",
      "unicode_decimal": 58885
    },
    {
      "icon_id": "12094938",
      "name": "充值",
      "font_class": "icon-test",
      "unicode": "e6ae",
      "unicode_decimal": 59054
    },
    {
      "icon_id": "12494451",
      "name": "sim",
      "font_class": "sim",
      "unicode": "e62d",
      "unicode_decimal": 58925
    },
    {
      "icon_id": "351757",
      "name": "购物车",
      "font_class": "gouwuche",
      "unicode": "e611",
      "unicode_decimal": 58897
    },
    {
      "icon_id": "1220298",
      "name": "手机",
      "font_class": "shouji",
      "unicode": "e606",
      "unicode_decimal": 58886
    },
    {
      "icon_id": "1546572",
      "name": "回顶部",
      "font_class": "huidingbu",
      "unicode": "e691",
      "unicode_decimal": 59025
    },
    {
      "icon_id": "2966206",
      "name": "搜索",
      "font_class": "sousuo",
      "unicode": "e614",
      "unicode_decimal": 58900
    },
    {
      "icon_id": "6428121",
      "name": "客服",
      "font_class": "kefu",
      "unicode": "e60d",
      "unicode_decimal": 58893
    },
    {
      "icon_id": "9871505",
      "name": "个人",
      "font_class": "geren",
      "unicode": "e60e",
      "unicode_decimal": 58894
    },
    {
      "icon_id": "11813323",
      "name": "修理",
      "font_class": "xiuli",
      "unicode": "e624",
      "unicode_decimal": 58916
    }
  ]
}
